YEAR,season_rain
2007,157.75
2004,191.55
1992,231.32
1995,232.92999999999998
2000,237.69
2011,250.1
2013,259.64
2006,266.81
2012,272.87
1994,291.64
2008,293.2
1993,299.88
1999,303.69
1997,321.39
2002,327.09000000000003
1998,341.84
2015,343.23
2010,349.39
2018,389.52
2016,403.61
2020,436.67
1991,443.0
2019,448.1
2017,450.26
1996,468.28
2003,542.9
2001,566.28
2005,620.56
2014,670.93
2009,754.05
